location_name,vehicle,value_description,n_data_points,mean_mean,value_means,is_estimate
Angola,maize flour,percent of market covered by fortified product,0,,[nan],0
Angola,maize flour,percent of population eating fortified vehicle,0,,[nan],0
Angola,maize flour,percent of population eating industrially produced vehicle,0,,[nan],0
Angola,maize flour,percent of population eating vehicle,0,,[nan],0
Angola,maize flour,percent of vehicle that is fortified,0,,[nan],0
Angola,maize flour,percent of vehicle that is industrially produced,1,0.0,[0.0],0
Angola,oil,percent of market covered by fortified product,0,,[nan],0
Angola,oil,percent of population eating fortified vehicle,0,,[nan],0
Angola,oil,percent of population eating industrially produced vehicle,0,,[nan],0
Angola,oil,percent of population eating vehicle,0,,[nan],0
Angola,oil,percent of vehicle that is fortified,0,,[nan],0
Angola,oil,percent of vehicle that is industrially produced,0,,[nan],0
Angola,wheat flour,percent of market covered by fortified product,0,,[nan],0
Angola,wheat flour,percent of population eating fortified vehicle,0,,[nan],0
Angola,wheat flour,percent of population eating industrially produced vehicle,0,,[nan],0
Angola,wheat flour,percent of population eating vehicle,0,,[nan],0
Angola,wheat flour,percent of vehicle that is fortified,0,,[nan],0
Angola,wheat flour,percent of vehicle that is industrially produced,1,100.0,[100.0],0
Bangladesh,oil,percent of market covered by fortified product,0,,[nan],0
Bangladesh,oil,percent of population eating fortified vehicle,0,,[nan],0
Bangladesh,oil,percent of population eating industrially produced vehicle,2,87.95,"[87.5, 88.4]",0
Bangladesh,oil,percent of population eating vehicle,10,80.78,"[95.0, 89.0, 75.0, 95.0, 51.0, 59.0, 68.0, 76.0, 100.0, 99.8]",0
Bangladesh,oil,percent of vehicle that is fortified,1,61.0,[61.0],0
Bangladesh,oil,percent of vehicle that is industrially produced,2,52.0,"[52.0, 52.0]",0
Bangladesh,wheat flour,percent of market covered by fortified product,0,,[nan],0
Bangladesh,wheat flour,percent of population eating fortified vehicle,0,,[nan],0
Bangladesh,wheat flour,percent of population eating industrially produced vehicle,0,,[nan],0
Bangladesh,wheat flour,percent of population eating vehicle,12,62.35,"[40.0, 63.0, 59.0, 70.0, 70.0, 77.0, 65.0, 76.2, 41.9, 68.0, 41.9, 76.2]",0
Bangladesh,wheat flour,percent of vehicle that is fortified,6,1.0,"[1.0, 1.0, 1.0, 1.0, 1.0, 1.0]",0
Bangladesh,wheat flour,percent of vehicle that is industrially produced,1,79.0,[79.0],0
Burkina Faso,bouillon,percent of market covered by fortified product,0,,[nan],0
Burkina Faso,bouillon,percent of population eating fortified vehicle,0,,[nan],0
Burkina Faso,bouillon,percent of population eating industrially produced vehicle,0,,[nan],0
Burkina Faso,bouillon,percent of population eating vehicle,6,80.83333333333333,"[79.0, 98.0, 48.0, 96.0, 76.0, 88.0]",0
Burkina Faso,bouillon,percent of vehicle that is fortified,0,,[nan],0
Burkina Faso,bouillon,percent of vehicle that is industrially produced,0,,[nan],0
Burkina Faso,maize flour,percent of market covered by fortified product,0,,[nan],0
Burkina Faso,maize flour,percent of population eating fortified vehicle,0,,[nan],0
Burkina Faso,maize flour,percent of population eating industrially produced vehicle,0,,[nan],0
Burkina Faso,maize flour,percent of population eating vehicle,4,31.15,"[0.2, 39.4, 39.0, 46.0]",0
Burkina Faso,maize flour,percent of vehicle that is fortified,0,,[nan],0
Burkina Faso,maize flour,percent of vehicle that is industrially produced,1,0.0,[0.0],0
Burkina Faso,oil,percent of market covered by fortified product,0,,[nan],0
Burkina Faso,oil,percent of population eating fortified vehicle,2,72.5,"[70.0, 75.0]",0
Burkina Faso,oil,percent of population eating industrially produced vehicle,0,,[nan],0
Burkina Faso,oil,percent of population eating vehicle,5,48.906,"[92.23, 30.2, 16.1, 54.0, 52.0]",0
Burkina Faso,oil,percent of vehicle that is fortified,1,39.0,[39.0],0
Burkina Faso,oil,percent of vehicle that is industrially produced,0,,[nan],0
Burkina Faso,wheat flour,percent of market covered by fortified product,0,,[nan],0
Burkina Faso,wheat flour,percent of population eating fortified vehicle,0,,[nan],0
Burkina Faso,wheat flour,percent of population eating industrially produced vehicle,0,,[nan],0
Burkina Faso,wheat flour,percent of population eating vehicle,10,52.3,"[15.0, 48.0, 83.0, 52.0, 41.0, 57.0, 88.0, 19.0, 58.0, 62.0]",0
Burkina Faso,wheat flour,percent of vehicle that is fortified,3,43.0,"[5.0, 62.0, 62.0]",0
Burkina Faso,wheat flour,percent of vehicle that is industrially produced,1,100.0,[100.0],0
Cameroon,bouillon,percent of market covered by fortified product,0,,[nan],0
Cameroon,bouillon,percent of population eating fortified vehicle,0,,[nan],0
Cameroon,bouillon,percent of population eating industrially produced vehicle,0,,[nan],0
Cameroon,bouillon,percent of population eating vehicle,7,95.25714285714285,"[96.0, 95.5, 96.8, 93.3, 96.2, 96.0, 93.0]",0
Cameroon,bouillon,percent of vehicle that is fortified,0,,[nan],0
Cameroon,bouillon,percent of vehicle that is industrially produced,0,,[nan],0
Cameroon,maize flour,percent of market covered by fortified product,0,,[nan],0
Cameroon,maize flour,percent of population eating fortified vehicle,0,,[nan],0
Cameroon,maize flour,percent of population eating industrially produced vehicle,0,,[nan],0
Cameroon,maize flour,percent of population eating vehicle,0,,[nan],0
Cameroon,maize flour,percent of vehicle that is fortified,0,,[nan],0
Cameroon,maize flour,percent of vehicle that is industrially produced,2,3.0,"[3.0, 3.0]",0
Cameroon,oil,percent of market covered by fortified product,0,,[nan],0
Cameroon,oil,percent of population eating fortified vehicle,0,,[nan],0
Cameroon,oil,percent of population eating industrially produced vehicle,0,,[nan],0
Cameroon,oil,percent of population eating vehicle,10,68.79,"[82.6, 54.1, 40.7, 54.5, 54.0, 53.1, 82.4, 93.6, 81.2, 91.7]",0
Cameroon,oil,percent of vehicle that is fortified,3,44.333333333333336,"[44.0, 35.0, 54.0]",0
Cameroon,oil,percent of vehicle that is industrially produced,0,,[nan],0
Cameroon,wheat flour,percent of market covered by fortified product,0,,[nan],0
Cameroon,wheat flour,percent of population eating fortified vehicle,0,,[nan],0
Cameroon,wheat flour,percent of population eating industrially produced vehicle,0,,[nan],0
Cameroon,wheat flour,percent of population eating vehicle,11,94.46363636363638,"[95.2, 92.2, 91.2, 89.8, 98.0, 92.0, 93.7, 94.0, 97.6, 98.4, 97.0]",0
Cameroon,wheat flour,percent of vehicle that is fortified,13,85.3076923076923,"[100.0, 5.0, 100.0, 76.0, 100.0, 100.0, 76.0, 100.0, 100.0, 76.0, 100.0, 100.0, 76.0]",0
Cameroon,wheat flour,percent of vehicle that is industrially produced,2,80.0,"[80.0, 80.0]",0
China,oil,percent of market covered by fortified product,0,,[nan],0
China,oil,percent of population eating fortified vehicle,0,,[nan],0
China,oil,percent of population eating industrially produced vehicle,0,,[nan],0
China,oil,percent of population eating vehicle,0,,[nan],0
China,oil,percent of vehicle that is fortified,0,,[nan],0
China,oil,percent of vehicle that is industrially produced,0,,[nan],0
China,wheat flour,percent of market covered by fortified product,0,,[nan],0
China,wheat flour,percent of population eating fortified vehicle,0,,[nan],0
China,wheat flour,percent of population eating industrially produced vehicle,0,,[nan],0
China,wheat flour,percent of population eating vehicle,0,,[nan],0
China,wheat flour,percent of vehicle that is fortified,5,1.0,"[1.0, 1.0, 1.0, 1.0, 1.0]",0
China,wheat flour,percent of vehicle that is industrially produced,2,89.0,"[89.0, 89.0]",0
Côte d'Ivoire,bouillon,percent of market covered by fortified product,0,,[nan],0
Côte d'Ivoire,bouillon,percent of population eating fortified vehicle,0,,[nan],0
Côte d'Ivoire,bouillon,percent of population eating industrially produced vehicle,0,,[nan],0
Côte d'Ivoire,bouillon,percent of population eating vehicle,0,,[nan],0
Côte d'Ivoire,bouillon,percent of vehicle that is fortified,0,,[nan],0
Côte d'Ivoire,bouillon,percent of vehicle that is industrially produced,0,,[nan],0
Côte d'Ivoire,maize flour,percent of market covered by fortified product,0,,[nan],0
Côte d'Ivoire,maize flour,percent of population eating fortified vehicle,0,,[nan],0
Côte d'Ivoire,maize flour,percent of population eating industrially produced vehicle,0,,[nan],0
Côte d'Ivoire,maize flour,percent of population eating vehicle,0,,[nan],0
Côte d'Ivoire,maize flour,percent of vehicle that is fortified,0,,[nan],0
Côte d'Ivoire,maize flour,percent of vehicle that is industrially produced,1,100.0,[100.0],0
Côte d'Ivoire,oil,percent of market covered by fortified product,0,,[nan],0
Côte d'Ivoire,oil,percent of population eating fortified vehicle,3,81.0,"[70.0, 75.0, 98.0]",0
Côte d'Ivoire,oil,percent of population eating industrially produced vehicle,1,98.0,[98.0],0
Côte d'Ivoire,oil,percent of population eating vehicle,1,98.5,[98.5],0
Côte d'Ivoire,oil,percent of vehicle that is fortified,3,48.666666666666664,"[53.0, 12.0, 81.0]",0
Côte d'Ivoire,oil,percent of vehicle that is industrially produced,0,,[nan],0
Côte d'Ivoire,wheat flour,percent of market covered by fortified product,0,,[nan],0
Côte d'Ivoire,wheat flour,percent of population eating fortified vehicle,0,,[nan],0
Côte d'Ivoire,wheat flour,percent of population eating industrially produced vehicle,1,10.2,[10.2],0
Côte d'Ivoire,wheat flour,percent of population eating vehicle,1,54.7,[54.7],0
Côte d'Ivoire,wheat flour,percent of vehicle that is fortified,3,74.33333333333333,"[25.0, 99.0, 99.0]",0
Côte d'Ivoire,wheat flour,percent of vehicle that is industrially produced,2,98.0,"[98.0, 98.0]",0
Democratic Republic of the Congo,bouillon,percent of market covered by fortified product,0,,[nan],0
Democratic Republic of the Congo,bouillon,percent of population eating fortified vehicle,0,,[nan],0
Democratic Republic of the Congo,bouillon,percent of population eating industrially produced vehicle,0,,[nan],0
Democratic Republic of the Congo,bouillon,percent of population eating vehicle,0,,[nan],0
Democratic Republic of the Congo,bouillon,percent of vehicle that is fortified,0,,[nan],0
Democratic Republic of the Congo,bouillon,percent of vehicle that is industrially produced,0,,[nan],0
Democratic Republic of the Congo,maize flour,percent of market covered by fortified product,0,,[nan],0
Democratic Republic of the Congo,maize flour,percent of population eating fortified vehicle,0,,[nan],0
Democratic Republic of the Congo,maize flour,percent of population eating industrially produced vehicle,0,,[nan],0
Democratic Republic of the Congo,maize flour,percent of population eating vehicle,8,45.255,"[20.7, 27.2, 42.7, 30.0, 64.0, 31.0, 53.0, 93.44]",0
Democratic Republic of the Congo,maize flour,percent of vehicle that is fortified,0,,[nan],0
Democratic Republic of the Congo,maize flour,percent of vehicle that is industrially produced,1,5.0,[5.0],0
Democratic Republic of the Congo,oil,percent of market covered by fortified product,0,,[nan],0
Democratic Republic of the Congo,oil,percent of population eating fortified vehicle,0,,[nan],0
Democratic Republic of the Congo,oil,percent of population eating industrially produced vehicle,0,,[nan],0
Democratic Republic of the Congo,oil,percent of population eating vehicle,5,95.88199999999999,"[97.3, 95.6, 98.1, 88.41, 100.0]",0
Democratic Republic of the Congo,oil,percent of vehicle that is fortified,0,,[nan],0
Democratic Republic of the Congo,oil,percent of vehicle that is industrially produced,0,,[nan],0
Democratic Republic of the Congo,wheat flour,percent of market covered by fortified product,0,,[nan],0
Democratic Republic of the Congo,wheat flour,percent of population eating fortified vehicle,0,,[nan],0
Democratic Republic of the Congo,wheat flour,percent of population eating industrially produced vehicle,0,,[nan],0
Democratic Republic of the Congo,wheat flour,percent of population eating vehicle,1,0.58,[0.58],0
Democratic Republic of the Congo,wheat flour,percent of vehicle that is fortified,0,,[nan],0
Democratic Republic of the Congo,wheat flour,percent of vehicle that is industrially produced,1,100.0,[100.0],0
Egypt,maize flour,percent of market covered by fortified product,0,,[nan],0
Egypt,maize flour,percent of population eating fortified vehicle,0,,[nan],0
Egypt,maize flour,percent of population eating industrially produced vehicle,0,,[nan],0
Egypt,maize flour,percent of population eating vehicle,0,,[nan],0
Egypt,maize flour,percent of vehicle that is fortified,0,,[nan],0
Egypt,maize flour,percent of vehicle that is industrially produced,1,0.0,[0.0],0
Egypt,oil,percent of market covered by fortified product,0,,[nan],0
Egypt,oil,percent of population eating fortified vehicle,0,,[nan],0
Egypt,oil,percent of population eating industrially produced vehicle,0,,[nan],0
Egypt,oil,percent of population eating vehicle,0,,[nan],0
Egypt,oil,percent of vehicle that is fortified,0,,[nan],0
Egypt,oil,percent of vehicle that is industrially produced,0,,[nan],0
Egypt,wheat flour,percent of market covered by fortified product,0,,[nan],0
Egypt,wheat flour,percent of population eating fortified vehicle,0,,[nan],0
Egypt,wheat flour,percent of population eating industrially produced vehicle,0,,[nan],0
Egypt,wheat flour,percent of population eating vehicle,0,,[nan],0
Egypt,wheat flour,percent of vehicle that is fortified,0,,[nan],0
Egypt,wheat flour,percent of vehicle that is industrially produced,2,100.0,"[100.0, 100.0]",0
Ethiopia,maize flour,percent of market covered by fortified product,0,,[nan],0
Ethiopia,maize flour,percent of population eating fortified vehicle,3,0.0,"[0.0, 0.0, 0.0]",1
Ethiopia,maize flour,percent of population eating industrially produced vehicle,0,,[nan],0
Ethiopia,maize flour,percent of population eating vehicle,0,,[nan],0
Ethiopia,maize flour,percent of vehicle that is fortified,0,,[nan],0
Ethiopia,maize flour,percent of vehicle that is industrially produced,0,,[nan],0
Ethiopia,oil,percent of market covered by fortified product,0,,[nan],0
Ethiopia,oil,percent of population eating fortified vehicle,1,0.0,[0.0],1
Ethiopia,oil,percent of population eating industrially produced vehicle,5,57.2,"[19.0, 92.0, 70.0, 50.0, 55.0]",0
Ethiopia,oil,percent of population eating vehicle,2,29.35,"[55.0, 3.7]",0
Ethiopia,oil,percent of vehicle that is fortified,1,11.11,[11.11],0
Ethiopia,oil,percent of vehicle that is industrially produced,1,47.0,[47.0],0
Ethiopia,salt,percent of market covered by fortified product,0,,[nan],0
Ethiopia,salt,percent of population eating fortified vehicle,2,42.8,"[85.6, 0.0]",0
Ethiopia,salt,percent of population eating industrially produced vehicle,0,,[nan],0
Ethiopia,salt,percent of population eating vehicle,0,,[nan],0
Ethiopia,salt,percent of vehicle that is fortified,1,89.0,[89.0],0
Ethiopia,salt,percent of vehicle that is industrially produced,0,,[nan],0
Ethiopia,wheat flour,percent of market covered by fortified product,0,,[nan],0
Ethiopia,wheat flour,percent of population eating fortified vehicle,3,0.0,"[0.0, 0.0, 0.0]",1
Ethiopia,wheat flour,percent of population eating industrially produced vehicle,5,36.4,"[28.0, 18.0, 89.0, 27.0, 20.0]",0
Ethiopia,wheat flour,percent of population eating vehicle,1,28.0,[28.0],0
Ethiopia,wheat flour,percent of vehicle that is fortified,0,,[nan],0
Ethiopia,wheat flour,percent of vehicle that is industrially produced,1,55.0,[55.0],0
Ghana,bouillon,percent of market covered by fortified product,0,,[nan],0
Ghana,bouillon,percent of population eating fortified vehicle,0,,[nan],0
Ghana,bouillon,percent of population eating industrially produced vehicle,0,,[nan],0
Ghana,bouillon,percent of population eating vehicle,0,,[nan],0
Ghana,bouillon,percent of vehicle that is fortified,0,,[nan],0
Ghana,bouillon,percent of vehicle that is industrially produced,0,,[nan],0
Ghana,maize flour,percent of market covered by fortified product,0,,[nan],0
Ghana,maize flour,percent of population eating fortified vehicle,0,,[nan],0
Ghana,maize flour,percent of population eating industrially produced vehicle,0,,[nan],0
Ghana,maize flour,percent of population eating vehicle,0,,[nan],0
Ghana,maize flour,percent of vehicle that is fortified,0,,[nan],0
Ghana,maize flour,percent of vehicle that is industrially produced,1,0.0,[0.0],0
Ghana,oil,percent of market covered by fortified product,0,,[nan],0
Ghana,oil,percent of population eating fortified vehicle,3,29.066666666666663,"[34.9, 19.4, 32.9]",0
Ghana,oil,percent of population eating industrially produced vehicle,0,,[nan],0
Ghana,oil,percent of population eating vehicle,4,96.275,"[98.0, 94.7, 96.8, 95.6]",0
Ghana,oil,percent of vehicle that is fortified,1,95.0,[95.0],0
Ghana,oil,percent of vehicle that is industrially produced,0,,[nan],0
Ghana,rice,percent of market covered by fortified product,0,,[nan],0
Ghana,rice,percent of population eating fortified vehicle,0,,[nan],0
Ghana,rice,percent of population eating industrially produced vehicle,0,,[nan],0
Ghana,rice,percent of population eating vehicle,0,,[nan],0
Ghana,rice,percent of vehicle that is fortified,0,,[nan],0
Ghana,rice,percent of vehicle that is industrially produced,2,23.5,"[30.0, 17.0]",0
Ghana,wheat flour,percent of market covered by fortified product,0,,[nan],0
Ghana,wheat flour,percent of population eating fortified vehicle,0,,[nan],0
Ghana,wheat flour,percent of population eating industrially produced vehicle,0,,[nan],0
Ghana,wheat flour,percent of population eating vehicle,0,,[nan],0
Ghana,wheat flour,percent of vehicle that is fortified,31,56.12903225806452,"[30.0, 100.0, 13.0, 47.0, 25.0, 100.0, 100.0, 13.0, 47.0, 25.0, 100.0, 100.0, 13.0, 47.0, 25.0, 100.0, 100.0, 13.0, 47.0, 25.0, 100.0, 100.0, 13.0, 47.0, 25.0, 100.0, 100.0, 13.0, 47.0, 25.0, 100.0]",0
Ghana,wheat flour,percent of vehicle that is industrially produced,4,75.0,"[100.0, 100.0, 100.0, 0.0]",0
India,oil,percent of market covered by fortified product,0,,[nan],0
India,oil,percent of population eating fortified vehicle,2,24.3,"[24.3, 24.3]",0
India,oil,percent of population eating industrially produced vehicle,1,89.4,[89.4],0
India,oil,percent of population eating vehicle,1,100.0,[100.0],0
India,oil,percent of vehicle that is fortified,6,32.833333333333336,"[10.0, 0.0, 0.0, 14.0, 76.0, 97.0]",0
India,oil,percent of vehicle that is industrially produced,3,72.0,"[65.0, 59.0, 92.0]",0
India,rice,percent of market covered by fortified product,0,,[nan],0
India,rice,percent of population eating fortified vehicle,3,0.0,"[0.0, 0.0, 0.0]",1
India,rice,percent of population eating industrially produced vehicle,0,,[nan],0
India,rice,percent of population eating vehicle,1,50.0,[50.0],0
India,rice,percent of vehicle that is fortified,8,0.09375,"[0.0, 0.25, 0.0, 0.25, 0.0, 0.0, 0.0, 0.25]",0
India,rice,percent of vehicle that is industrially produced,2,50.0,"[50.0, 50.0]",0
India,salt,percent of market covered by fortified product,0,,[nan],0
India,salt,percent of population eating fortified vehicle,2,92.7,"[92.7, 92.7]",0
India,salt,percent of population eating industrially produced vehicle,2,96.5,"[100.0, 93.0]",0
India,salt,percent of population eating vehicle,1,100.0,[100.0],0
India,salt,percent of vehicle that is fortified,0,,[nan],0
India,salt,percent of vehicle that is industrially produced,0,,[nan],0
India,wheat flour,percent of market covered by fortified product,0,,[nan],0
India,wheat flour,percent of population eating fortified vehicle,3,6.3,"[6.3, 6.3, 6.3]",0
India,wheat flour,percent of population eating industrially produced vehicle,1,7.1,[7.1],0
India,wheat flour,percent of population eating vehicle,1,83.2,[83.2],0
India,wheat flour,percent of vehicle that is fortified,6,2.0,"[2.0, 2.0, 2.0, 2.0, 2.0, 2.0]",0
India,wheat flour,percent of vehicle that is industrially produced,1,30.0,[30.0],0
Indonesia,oil,percent of market covered by fortified product,0,,[nan],0
Indonesia,oil,percent of population eating fortified vehicle,0,,[nan],0
Indonesia,oil,percent of population eating industrially produced vehicle,0,,[nan],0
Indonesia,oil,percent of population eating vehicle,0,,[nan],0
Indonesia,oil,percent of vehicle that is fortified,1,43.0,[43.0],0
Indonesia,oil,percent of vehicle that is industrially produced,1,95.0,[95.0],0
Indonesia,wheat flour,percent of market covered by fortified product,0,,[nan],0
Indonesia,wheat flour,percent of population eating fortified vehicle,4,73.1,"[73.1, 73.1, 73.1, 73.1]",0
Indonesia,wheat flour,percent of population eating industrially produced vehicle,0,,[nan],0
Indonesia,wheat flour,percent of population eating vehicle,0,,[nan],0
Indonesia,wheat flour,percent of vehicle that is fortified,5,88.6,"[95.0, 87.0, 87.0, 87.0, 87.0]",0
Indonesia,wheat flour,percent of vehicle that is industrially produced,1,100.0,[100.0],0
Kenya,maize flour,percent of market covered by fortified product,0,,[nan],0
Kenya,maize flour,percent of population eating fortified vehicle,0,,[nan],0
Kenya,maize flour,percent of population eating industrially produced vehicle,1,36.67,[36.67],0
Kenya,maize flour,percent of population eating vehicle,12,53.10583333333333,"[85.27, 57.0, 63.0, 81.0, 16.0, 38.0, 17.0, 89.0, 91.0, 95.0, 2.0, 3.0]",0
Kenya,maize flour,percent of vehicle that is fortified,6,0.0,"[0.0, 0.0, 0.0, 0.0, 0.0, 0.0]",0
Kenya,maize flour,percent of vehicle that is industrially produced,1,40.0,[40.0],0
Kenya,oil,percent of market covered by fortified product,0,,[nan],0
Kenya,oil,percent of population eating fortified vehicle,0,,[nan],0
Kenya,oil,percent of population eating industrially produced vehicle,1,9.39,[9.39],0
Kenya,oil,percent of population eating vehicle,13,29.705384615384617,"[16.17, 6.0, 16.0, 7.0, 12.0, 38.0, 45.0, 60.0, 70.0, 72.0, 9.0, 18.0, 17.0]",0
Kenya,oil,percent of vehicle that is fortified,0,,[nan],0
Kenya,oil,percent of vehicle that is industrially produced,0,,[nan],0
Kenya,wheat flour,percent of market covered by fortified product,0,,[nan],0
Kenya,wheat flour,percent of population eating fortified vehicle,0,,[nan],0
Kenya,wheat flour,percent of population eating industrially produced vehicle,1,30.95,[30.95],0
Kenya,wheat flour,percent of population eating vehicle,1,36.58,[36.58],0
Kenya,wheat flour,percent of vehicle that is fortified,8,99.375,"[100.0, 95.0, 100.0, 100.0, 100.0, 100.0, 100.0, 100.0]",0
Kenya,wheat flour,percent of vehicle that is industrially produced,1,100.0,[100.0],0
Madagascar,maize flour,percent of market covered by fortified product,0,,[nan],0
Madagascar,maize flour,percent of population eating fortified vehicle,0,,[nan],0
Madagascar,maize flour,percent of population eating industrially produced vehicle,0,,[nan],0
Madagascar,maize flour,percent of population eating vehicle,0,,[nan],0
Madagascar,maize flour,percent of vehicle that is fortified,0,,[nan],0
Madagascar,maize flour,percent of vehicle that is industrially produced,1,0.0,[0.0],0
Madagascar,oil,percent of market covered by fortified product,0,,[nan],0
Madagascar,oil,percent of population eating fortified vehicle,0,,[nan],0
Madagascar,oil,percent of population eating industrially produced vehicle,0,,[nan],0
Madagascar,oil,percent of population eating vehicle,0,,[nan],0
Madagascar,oil,percent of vehicle that is fortified,0,,[nan],0
Madagascar,oil,percent of vehicle that is industrially produced,0,,[nan],0
Madagascar,wheat flour,percent of market covered by fortified product,0,,[nan],0
Madagascar,wheat flour,percent of population eating fortified vehicle,0,,[nan],0
Madagascar,wheat flour,percent of population eating industrially produced vehicle,0,,[nan],0
Madagascar,wheat flour,percent of population eating vehicle,0,,[nan],0
Madagascar,wheat flour,percent of vehicle that is fortified,0,,[nan],0
Madagascar,wheat flour,percent of vehicle that is industrially produced,1,100.0,[100.0],0
Mozambique,maize flour,percent of market covered by fortified product,0,,[nan],0
Mozambique,maize flour,percent of population eating fortified vehicle,0,,[nan],0
Mozambique,maize flour,percent of population eating industrially produced vehicle,0,,[nan],0
Mozambique,maize flour,percent of population eating vehicle,1,79.9,[79.9],0
Mozambique,maize flour,percent of vehicle that is fortified,6,70.0,"[70.0, 70.0, 70.0, 70.0, 70.0, 70.0]",0
Mozambique,maize flour,percent of vehicle that is industrially produced,2,30.0,"[30.0, 30.0]",0
Mozambique,oil,percent of market covered by fortified product,0,,[nan],0
Mozambique,oil,percent of population eating fortified vehicle,0,,[nan],0
Mozambique,oil,percent of population eating industrially produced vehicle,0,,[nan],0
Mozambique,oil,percent of population eating vehicle,2,96.6,"[95.2, 98.0]",0
Mozambique,oil,percent of vehicle that is fortified,2,39.0,"[39.0, 39.0]",0
Mozambique,oil,percent of vehicle that is industrially produced,0,,[nan],0
Mozambique,wheat flour,percent of market covered by fortified product,0,,[nan],0
Mozambique,wheat flour,percent of population eating fortified vehicle,0,,[nan],0
Mozambique,wheat flour,percent of population eating industrially produced vehicle,0,,[nan],0
Mozambique,wheat flour,percent of population eating vehicle,3,66.76666666666667,"[16.3, 92.0, 92.0]",0
Mozambique,wheat flour,percent of vehicle that is fortified,7,65.0,"[95.0, 60.0, 60.0, 60.0, 60.0, 60.0, 60.0]",0
Mozambique,wheat flour,percent of vehicle that is industrially produced,2,100.0,"[100.0, 100.0]",0
Myanmar,oil,percent of market covered by fortified product,0,,[nan],0
Myanmar,oil,percent of population eating fortified vehicle,2,0.0,"[0.0, 0.0]",1
Myanmar,oil,percent of population eating industrially produced vehicle,1,10.0,[10.0],0
Myanmar,oil,percent of population eating vehicle,1,50.0,[50.0],1
Myanmar,oil,percent of vehicle that is fortified,0,,[nan],0
Myanmar,oil,percent of vehicle that is industrially produced,0,,[nan],0
Myanmar,wheat flour,percent of market covered by fortified product,0,,[nan],0
Myanmar,wheat flour,percent of population eating fortified vehicle,3,0.0,"[0.0, 0.0, 0.0]",1
Myanmar,wheat flour,percent of population eating industrially produced vehicle,1,50.0,[50.0],1
Myanmar,wheat flour,percent of population eating vehicle,1,5.0,[5.0],1
Myanmar,wheat flour,percent of vehicle that is fortified,0,,[nan],0
Myanmar,wheat flour,percent of vehicle that is industrially produced,1,100.0,[100.0],0
Nepal,oil,percent of market covered by fortified product,0,,[nan],0
Nepal,oil,percent of population eating fortified vehicle,0,,[nan],0
Nepal,oil,percent of population eating industrially produced vehicle,0,,[nan],0
Nepal,oil,percent of population eating vehicle,3,99.86666666666667,"[99.8, 100.0, 99.8]",0
Nepal,oil,percent of vehicle that is fortified,0,,[nan],0
Nepal,oil,percent of vehicle that is industrially produced,0,,[nan],0
Nepal,wheat flour,percent of market covered by fortified product,0,,[nan],0
Nepal,wheat flour,percent of population eating fortified vehicle,0,,[nan],0
Nepal,wheat flour,percent of population eating industrially produced vehicle,2,40.0,"[37.0, 43.0]",0
Nepal,wheat flour,percent of population eating vehicle,6,27.96666666666667,"[8.8, 16.5, 7.4, 42.7, 52.1, 40.3]",0
Nepal,wheat flour,percent of vehicle that is fortified,3,20.0,"[20.0, 20.0, 20.0]",0
Nepal,wheat flour,percent of vehicle that is industrially produced,2,34.0,"[43.0, 25.0]",0
Niger,bouillon,percent of market covered by fortified product,0,,[nan],0
Niger,bouillon,percent of population eating fortified vehicle,0,,[nan],0
Niger,bouillon,percent of population eating industrially produced vehicle,0,,[nan],0
Niger,bouillon,percent of population eating vehicle,3,91.0,"[88.0, 99.0, 86.0]",0
Niger,bouillon,percent of vehicle that is fortified,0,,[nan],0
Niger,bouillon,percent of vehicle that is industrially produced,0,,[nan],0
Niger,maize flour,percent of market covered by fortified product,0,,[nan],0
Niger,maize flour,percent of population eating fortified vehicle,0,,[nan],0
Niger,maize flour,percent of population eating industrially produced vehicle,0,,[nan],0
Niger,maize flour,percent of population eating vehicle,0,,[nan],0
Niger,maize flour,percent of vehicle that is fortified,0,,[nan],0
Niger,maize flour,percent of vehicle that is industrially produced,1,0.0,[0.0],0
Niger,oil,percent of market covered by fortified product,0,,[nan],0
Niger,oil,percent of population eating fortified vehicle,3,61.666666666666664,"[55.0, 55.0, 75.0]",0
Niger,oil,percent of population eating industrially produced vehicle,0,,[nan],0
Niger,oil,percent of population eating vehicle,3,86.33333333333333,"[85.0, 98.0, 76.0]",0
Niger,oil,percent of vehicle that is fortified,0,,[nan],0
Niger,oil,percent of vehicle that is industrially produced,0,,[nan],0
Niger,wheat flour,percent of market covered by fortified product,0,,[nan],0
Niger,wheat flour,percent of population eating fortified vehicle,2,30.0,"[30.0, 30.0]",0
Niger,wheat flour,percent of population eating industrially produced vehicle,0,,[nan],0
Niger,wheat flour,percent of population eating vehicle,0,,[nan],0
Niger,wheat flour,percent of vehicle that is fortified,3,53.333333333333336,"[80.0, 0.0, 80.0]",0
Niger,wheat flour,percent of vehicle that is industrially produced,1,100.0,[100.0],0
Nigeria,bouillon,percent of market covered by fortified product,0,,[nan],0
Nigeria,bouillon,percent of population eating fortified vehicle,0,,[nan],0
Nigeria,bouillon,percent of population eating industrially produced vehicle,2,61.5,"[83.0, 40.0]",0
Nigeria,bouillon,percent of population eating vehicle,1,38.0,[38.0],0
Nigeria,bouillon,percent of vehicle that is fortified,3,0.0,"[0.0, 0.0, 0.0]",0
Nigeria,bouillon,percent of vehicle that is industrially produced,1,96.0,[96.0],0
Nigeria,maize flour,percent of market covered by fortified product,0,,[nan],0
Nigeria,maize flour,percent of population eating fortified vehicle,6,0.9500000000000001,"[0.2, 1.7, 0.2, 1.7, 0.2, 1.7]",0
Nigeria,maize flour,percent of population eating industrially produced vehicle,2,6.95,"[2.9, 11.0]",0
Nigeria,maize flour,percent of population eating vehicle,2,44.65,"[12.2, 77.1]",0
Nigeria,maize flour,percent of vehicle that is fortified,6,80.0,"[80.0, 80.0, 80.0, 80.0, 80.0, 80.0]",0
Nigeria,maize flour,percent of vehicle that is industrially produced,1,20.0,[20.0],0
Nigeria,oil,percent of market covered by fortified product,0,,[nan],0
Nigeria,oil,percent of population eating fortified vehicle,2,7.4,"[7.2, 7.6]",0
Nigeria,oil,percent of population eating industrially produced vehicle,2,29.299999999999997,"[22.7, 35.9]",0
Nigeria,oil,percent of population eating vehicle,2,98.5,"[98.6, 98.4]",0
Nigeria,oil,percent of vehicle that is fortified,2,70.5,"[66.0, 75.0]",0
Nigeria,oil,percent of vehicle that is industrially produced,1,40.0,[40.0],0
Nigeria,rice,percent of market covered by fortified product,0,,[nan],0
Nigeria,rice,percent of population eating fortified vehicle,0,,[nan],0
Nigeria,rice,percent of population eating industrially produced vehicle,2,99.5,"[100.0, 99.0]",0
Nigeria,rice,percent of population eating vehicle,4,67.35,"[14.9, 83.8, 90.8, 79.9]",0
Nigeria,rice,percent of vehicle that is fortified,3,0.0,"[0.0, 0.0, 0.0]",0
Nigeria,rice,percent of vehicle that is industrially produced,3,22.666666666666668,"[10.0, 18.0, 40.0]",0
Nigeria,salt,percent of market covered by fortified product,0,,[nan],0
Nigeria,salt,percent of population eating fortified vehicle,0,,[nan],0
Nigeria,salt,percent of population eating industrially produced vehicle,1,93.0,[93.0],0
Nigeria,salt,percent of population eating vehicle,0,,[nan],0
Nigeria,salt,percent of vehicle that is fortified,0,,[nan],0
Nigeria,salt,percent of vehicle that is industrially produced,2,58.0,"[20.0, 96.0]",0
Nigeria,wheat flour,percent of market covered by fortified product,0,,[nan],0
Nigeria,wheat flour,percent of population eating fortified vehicle,10,14.05,"[5.4, 22.7, 5.4, 22.7, 5.4, 22.7, 5.4, 22.7, 5.4, 22.7]",0
Nigeria,wheat flour,percent of population eating industrially produced vehicle,2,48.8,"[13.8, 83.8]",0
Nigeria,wheat flour,percent of population eating vehicle,2,49.050000000000004,"[14.2, 83.9]",0
Nigeria,wheat flour,percent of vehicle that is fortified,1,85.0,[85.0],0
Nigeria,wheat flour,percent of vehicle that is industrially produced,3,100.0,"[100.0, 100.0, 100.0]",0
Pakistan,oil,percent of market covered by fortified product,0,,[nan],0
Pakistan,oil,percent of population eating fortified vehicle,3,30.0,"[39.0, 31.0, 20.0]",0
Pakistan,oil,percent of population eating industrially produced vehicle,3,99.0,"[99.0, 99.0, 99.0]",0
Pakistan,oil,percent of population eating vehicle,3,100.0,"[100.0, 100.0, 100.0]",0
Pakistan,oil,percent of vehicle that is fortified,2,68.0,"[68.0, 68.0]",0
Pakistan,oil,percent of vehicle that is industrially produced,1,85.0,[85.0],0
Pakistan,wheat flour,percent of market covered by fortified product,0,,[nan],0
Pakistan,wheat flour,percent of population eating fortified vehicle,3,5.333333333333333,"[5.0, 1.0, 10.0]",0
Pakistan,wheat flour,percent of population eating industrially produced vehicle,3,48.666666666666664,"[52.0, 31.0, 63.0]",0
Pakistan,wheat flour,percent of population eating vehicle,3,97.33333333333333,"[100.0, 100.0, 92.0]",0
Pakistan,wheat flour,percent of vehicle that is fortified,1,7.5,[7.5],0
Pakistan,wheat flour,percent of vehicle that is industrially produced,1,60.0,[60.0],0
South Africa,maize flour,percent of market covered by fortified product,0,,[nan],0
South Africa,maize flour,percent of population eating fortified vehicle,10,46.85000000000001,"[16.3, 77.4, 16.3, 77.4, 16.3, 77.4, 16.3, 77.4, 16.3, 77.4]",0
South Africa,maize flour,percent of population eating industrially produced vehicle,2,97.05000000000001,"[98.7, 95.4]",0
South Africa,maize flour,percent of population eating vehicle,2,97.15,"[98.7, 95.6]",0
South Africa,maize flour,percent of vehicle that is fortified,5,80.0,"[80.0, 80.0, 80.0, 80.0, 80.0]",0
South Africa,maize flour,percent of vehicle that is industrially produced,1,75.0,[75.0],0
South Africa,oil,percent of market covered by fortified product,0,,[nan],0
South Africa,oil,percent of population eating fortified vehicle,0,,[nan],0
South Africa,oil,percent of population eating industrially produced vehicle,0,,[nan],0
South Africa,oil,percent of population eating vehicle,0,,[nan],0
South Africa,oil,percent of vehicle that is fortified,0,,[nan],0
South Africa,oil,percent of vehicle that is industrially produced,0,,[nan],0
South Africa,wheat flour,percent of market covered by fortified product,0,,[nan],0
South Africa,wheat flour,percent of population eating fortified vehicle,20,8.550000000000002,"[16.3, 16.3, 0.8, 0.8, 16.3, 16.3, 0.8, 0.8, 16.3, 16.3, 0.8, 0.8, 16.3, 16.3, 0.8, 0.8, 16.3, 16.3, 0.8, 0.8]",0
South Africa,wheat flour,percent of population eating industrially produced vehicle,2,14.75,"[25.2, 4.3]",0
South Africa,wheat flour,percent of population eating vehicle,2,14.75,"[25.2, 4.3]",0
South Africa,wheat flour,percent of vehicle that is fortified,6,45.0,"[70.0, 40.0, 40.0, 40.0, 40.0, 40.0]",0
South Africa,wheat flour,percent of vehicle that is industrially produced,1,100.0,[100.0],0
Sudan,maize flour,percent of market covered by fortified product,0,,[nan],0
Sudan,maize flour,percent of population eating fortified vehicle,0,,[nan],0
Sudan,maize flour,percent of population eating industrially produced vehicle,0,,[nan],0
Sudan,maize flour,percent of population eating vehicle,0,,[nan],0
Sudan,maize flour,percent of vehicle that is fortified,0,,[nan],0
Sudan,maize flour,percent of vehicle that is industrially produced,1,0.0,[0.0],0
Sudan,oil,percent of market covered by fortified product,0,,[nan],0
Sudan,oil,percent of population eating fortified vehicle,1,80.0,[80.0],0
Sudan,oil,percent of population eating industrially produced vehicle,0,,[nan],0
Sudan,oil,percent of population eating vehicle,0,,[nan],0
Sudan,oil,percent of vehicle that is fortified,0,,[nan],0
Sudan,oil,percent of vehicle that is industrially produced,1,80.0,[80.0],0
Sudan,wheat flour,percent of market covered by fortified product,0,,[nan],0
Sudan,wheat flour,percent of population eating fortified vehicle,0,,[nan],0
Sudan,wheat flour,percent of population eating industrially produced vehicle,0,,[nan],0
Sudan,wheat flour,percent of population eating vehicle,0,,[nan],0
Sudan,wheat flour,percent of vehicle that is fortified,7,37.714285714285715,"[32.0, 40.0, 32.0, 40.0, 40.0, 40.0, 40.0]",0
Sudan,wheat flour,percent of vehicle that is industrially produced,2,85.0,"[80.0, 90.0]",0
Uganda,maize flour,percent of market covered by fortified product,0,,[nan],0
Uganda,maize flour,percent of population eating fortified vehicle,12,6.5,"[6.5, 6.5, 6.5, 6.5, 6.5, 6.5, 6.5, 6.5, 6.5, 6.5, 6.5, 6.5]",0
Uganda,maize flour,percent of population eating industrially produced vehicle,3,30.433333333333334,"[42.4, 42.4, 6.5]",0
Uganda,maize flour,percent of population eating vehicle,2,91.8,"[91.8, 91.8]",0
Uganda,maize flour,percent of vehicle that is fortified,0,,[nan],0
Uganda,maize flour,percent of vehicle that is industrially produced,2,30.0,"[30.0, 30.0]",0
Uganda,oil,percent of market covered by fortified product,0,,[nan],0
Uganda,oil,percent of population eating fortified vehicle,3,36.266666666666666,"[54.4, 54.4, 0.0]",0
Uganda,oil,percent of population eating industrially produced vehicle,3,77.33333333333333,"[89.0, 89.0, 54.0]",0
Uganda,oil,percent of population eating vehicle,2,89.9,"[89.9, 89.9]",0
Uganda,oil,percent of vehicle that is fortified,0,,[nan],0
Uganda,oil,percent of vehicle that is industrially produced,2,90.0,"[90.0, 90.0]",0
Uganda,wheat flour,percent of market covered by fortified product,0,,[nan],0
Uganda,wheat flour,percent of population eating fortified vehicle,12,9.625000000000002,"[8.5, 11.2, 8.5, 8.5, 8.5, 11.2, 8.5, 11.2, 8.5, 11.2, 8.5, 11.2]",0
Uganda,wheat flour,percent of population eating industrially produced vehicle,3,9.9,"[10.6, 10.6, 8.5]",0
Uganda,wheat flour,percent of population eating vehicle,2,11.2,"[11.2, 11.2]",0
Uganda,wheat flour,percent of vehicle that is fortified,1,95.0,[95.0],0
Uganda,wheat flour,percent of vehicle that is industrially produced,2,100.0,"[100.0, 100.0]",0
United Republic of Tanzania,maize flour,percent of market covered by fortified product,0,,[nan],0
United Republic of Tanzania,maize flour,percent of population eating fortified vehicle,10,2.5,"[2.5, 2.5, 2.5, 2.5, 2.5, 2.5, 2.5, 2.5, 2.5, 2.5]",0
United Republic of Tanzania,maize flour,percent of population eating industrially produced vehicle,3,25.233333333333334,"[36.6, 36.6, 2.5]",0
United Republic of Tanzania,maize flour,percent of population eating vehicle,2,93.0,"[93.0, 93.0]",0
United Republic of Tanzania,maize flour,percent of vehicle that is fortified,0,,[nan],0
United Republic of Tanzania,maize flour,percent of vehicle that is industrially produced,1,20.0,[20.0],0
United Republic of Tanzania,oil,percent of market covered by fortified product,0,,[nan],0
United Republic of Tanzania,oil,percent of population eating fortified vehicle,3,35.733333333333334,"[53.6, 53.6, 0.0]",0
United Republic of Tanzania,oil,percent of population eating industrially produced vehicle,3,79.73333333333333,"[92.6, 92.6, 54.0]",0
United Republic of Tanzania,oil,percent of population eating vehicle,2,96.2,"[96.2, 96.2]",0
United Republic of Tanzania,oil,percent of vehicle that is fortified,1,62.0,[62.0],0
United Republic of Tanzania,oil,percent of vehicle that is industrially produced,0,,[nan],0
United Republic of Tanzania,wheat flour,percent of market covered by fortified product,0,,[nan],0
United Republic of Tanzania,wheat flour,percent of population eating fortified vehicle,12,33.10000000000001,"[33.1, 33.1, 33.1, 33.1, 33.1, 33.1, 33.1, 33.1, 33.1, 33.1, 33.1, 33.1]",0
United Republic of Tanzania,wheat flour,percent of population eating industrially produced vehicle,3,44.666666666666664,"[50.5, 50.5, 33.0]",0
United Republic of Tanzania,wheat flour,percent of population eating vehicle,2,51.5,"[51.5, 51.5]",0
United Republic of Tanzania,wheat flour,percent of vehicle that is fortified,1,75.0,[75.0],0
United Republic of Tanzania,wheat flour,percent of vehicle that is industrially produced,2,91.5,"[85.0, 98.0]",0
Vietnam,oil,percent of market covered by fortified product,0,,[nan],0
Vietnam,oil,percent of population eating fortified vehicle,0,,[nan],0
Vietnam,oil,percent of population eating industrially produced vehicle,1,90.0,[90.0],0
Vietnam,oil,percent of population eating vehicle,10,54.5,"[91.5, 89.4, 38.3, 45.8, 28.9, 38.3, 41.5, 43.8, 33.6, 93.9]",0
Vietnam,oil,percent of vehicle that is fortified,0,,[nan],0
Vietnam,oil,percent of vehicle that is industrially produced,0,,[nan],0
Vietnam,wheat flour,percent of market covered by fortified product,0,,[nan],0
Vietnam,wheat flour,percent of population eating fortified vehicle,0,,[nan],0
Vietnam,wheat flour,percent of population eating industrially produced vehicle,0,,[nan],0
Vietnam,wheat flour,percent of population eating vehicle,10,21.93,"[4.2, 38.8, 46.7, 31.1, 16.4, 17.5, 9.6, 22.7, 13.5, 18.8]",0
Vietnam,wheat flour,percent of vehicle that is fortified,7,5.357142857142857,"[0.0, 37.5, 0.0, 0.0, 0.0, 0.0, 0.0]",0
Vietnam,wheat flour,percent of vehicle that is industrially produced,2,100.0,"[100.0, 100.0]",0
